{
    "dictator": {
        "jp_overlap": 0.3016826923076923,
        "en_rt_overlap": 0.0,
        "en_vertical_overlap": 0.18271604938271604,
        "bg_color": [
            30,
            53,
            108
        ]
    },
    "knights": {
        "jp_overlap": 0.34258283573352066,
        "en_rt_overlap": 0.0,
        "en_vertical_overlap": 0.006535947712418301,
        "bg_color": [
            27,
            145,
            211
        ]
    },
    "double": {
        "jp_overlap": 0.4200053418803419,
        "en_rt_overlap": 0.03804347826086957,
        "en_vertical_overlap": 0.0720679012345679,
        "bg_color": [
            68,
            0,
            88
        ]
    },
    "counselor": {
        "jp_overlap": 0.010888654724271163,
        "en_rt_overlap": 0.0,
        "en_vertical_overlap": 0.16721132897603486,
        "bg_color": [
            73,
            164,
            120
        ]
    },
    "necromancer": {
        "jp_overlap": 0.05194978632478633,
        "en_rt_overlap": 0.19384057971014493,
        "en_vertical_overlap": 0.2506172839506173,
        "bg_color": [
            254,
            5,
            106
        ]
    },
    "trapper": {
        "jp_overlap": 0.0,
        "en_rt_overlap": 0.0,
        "en_vertical_overlap": 0.14365468409586057,
        "bg_color": [
            205,
            168,
            79
        ]
    },
    "citizen": {
        "jp_overlap": 0.09107905982905982,
        "en_rt_overlap": 0.0,
        "en_vertical_overlap": 0.04212962962962963,
        "bg_color": [
            73,
            105,
            125
        ]
    },
    "prophet": {
        "jp_overlap": 0.0025373931623931625,
        "en_rt_overlap": 0.0,
        "en_vertical_overlap": 0.07067901234567901,
        "bg_color": [
            7,
            131,
            10
        ]
    },
    "bodyguard": {
        "jp_overlap": 0.0,
        "en_rt_overlap": 0.0,
        "en_vertical_overlap": 0.11465141612200436,
        "bg_color": [
            217,
            116,
            64
        ]
    },
    "twins": {
        "jp_overlap": 0.0008012820512820513,
        "en_rt_overlap": 0.09465579710144928,
        "en_vertical_overlap": 0.3851851851851852,
        "bg_color": [
            7,
            200,
            184
        ]
    },
    "magician": {
        "jp_overlap": 0.09481837606837606,
        "en_rt_overlap": 0.0,
        "en_vertical_overlap": 0.18873456790123458,
        "bg_color": [
            113,
            0,
            182
        ]
    },
    "hunter": {
        "jp_overlap": 0.05929487179487179,
        "en_rt_overlap": 0.0,
        "en_vertical_overlap": 0.06095679012345679,
        "bg_color": [
            105,
            110,
            15
        ]
    },
    "tough_guy": {
        "jp_overlap": 0.03939636752136752,
        "en_rt_overlap": 0.0,
        "en_vertical_overlap": 0.058333333333333334,
        "bg_color": [
            116,
            76,
            47
        ]
    },
    "spy": {
        "jp_overlap": 0.038520079615970024,
        "en_rt_overlap": 0.0,
        "en_vertical_overlap": 0.02696078431372549,
        "bg_color": [
            0,
            0,
            0
        ]
    },
    "betrayal_twin": {
        "jp_overlap": 0.10536858974358974,
        "en_rt_overlap": 0.3120471014492754,
        "en_vertical_overlap": 0.44753086419753085,
        "bg_color": [
            208,
            0,
            87
        ]
    },
    "werewolf": {
        "jp_overlap": 0.13370799672169534,
        "en_rt_overlap": 0.0,
        "en_vertical_overlap": 0.16584967320261437,
        "bg_color": [
            177,
            64,
            62
        ]
    },
    "traitor": {
        "jp_overlap": 0.013230300901533779,
        "en_rt_overlap": 0.04044117647058824,
        "en_vertical_overlap": 0.3055555555555556,
        "bg_color": [
            214,
            146,
            61
        ]
    },
    "betrayer": {
        "jp_overlap": 0.05074786324786325,
        "en_rt_overlap": 0.17028985507246377,
        "en_vertical_overlap": 0.1941358024691358,
        "bg_color": [
            152,
            186,
            44
        ]
    },
    "werewolf_child": {
        "jp_overlap": 0.0091324200913242,
        "en_rt_overlap": 0.0,
        "en_vertical_overlap": 0.21255446623093682,
        "bg_color": [
            181,
            78,
            73
        ]
    },
    "android": {
        "jp_overlap": 0.16359508547008547,
        "en_rt_overlap": 0.1598731884057971,
        "en_vertical_overlap": 0.4046296296296296,
        "bg_color": [
            6,
            187,
            241
        ]
    },
    "lone_wolf": {
        "jp_overlap": 0.0,
        "en_rt_overlap": 0.0,
        "en_vertical_overlap": 0.050462962962962966,
        "bg_color": [
            75,
            84,
            91
        ]
    },
    "god": {
        "jp_overlap": 0.1686698717948718,
        "en_rt_overlap": 0.009057971014492754,
        "en_vertical_overlap": 0.12268518518518519,
        "bg_color": [
            217,
            164,
            0
        ]
    },
    "lovers": {
        "jp_overlap": 0.13593256059009484,
        "en_rt_overlap": 0.3006535947712418,
        "en_vertical_overlap": 0.40836056644880175,
        "bg_color": [
            194,
            94,
            91
        ]
    },
    "mysterious_fox": {
        "jp_overlap": 0.08867521367521368,
        "en_rt_overlap": 0.0,
        "en_vertical_overlap": 0.0,
        "bg_color": [
            184,
            110,
            117
        ]
    }
}